event,measurement,year,mean,std,n
fashion_shows,height_cm,2024,178.225490,2.091548,1071
fashion_shows,height_cm,2002,177.637197,1.923289,5237
fashion_shows,height_cm,2003,177.932725,1.938982,6243
fashion_shows,height_cm,2004,178.017949,2.122927,7354
fashion_shows,height_cm,2005,178.092371,2.138039,8704
fashion_shows,height_cm,2006,177.891617,2.112105,9877
fashion_shows,height_cm,2015,178.646730,1.679184,11085
fashion_shows,height_cm,2014,178.577822,1.590136,10871
fashion_shows,height_cm,2012,178.405707,1.540313,21571
fashion_shows,height_cm,1999,177.763158,2.161815,1653
fashion_shows,height_cm,2001,177.613764,2.160224,5151
fashion_shows,height_cm,2000,177.747302,2.027718,4448
fashion_shows,height_cm,2007,177.984008,1.889946,11068
fashion_shows,height_cm,2008,178.200583,1.850320,11150
fashion_shows,height_cm,2009,178.401907,1.683596,12427
fashion_shows,height_cm,2010,178.225255,1.825621,14619
fashion_shows,height_cm,2019,178.214117,1.845144,10980
fashion_shows,height_cm,2023,178.125508,2.094655,2952
fashion_shows,height_cm,2022,177.978405,2.092465,4515
fashion_shows,height_cm,2011,178.380737,1.620434,17583
fashion_shows,height_cm,2020,178.142755,1.898044,9096
fashion_shows,height_cm,2016,178.620558,1.711728,7963
fashion_shows,height_cm,2013,178.551679,1.534965,10333
fashion_shows,height_cm,2021,177.947503,2.054871,981
fashion_shows,height_cm,2018,178.159741,1.836117,3634
fashion_shows,height_cm,2017,178.504220,1.706012,5213
fashion_shows,height_cm,1994,177.212724,2.171776,503
fashion_shows,height_cm,1995,178.115254,2.364732,590
fashion_shows,height_cm,1997,177.577882,2.293808,2767
fashion_shows,height_cm,1998,177.509955,2.190880,2863
fashion_shows,height_cm,1996,177.528694,2.405820,697
fashion_shows,height_cm,1991,177.405836,1.879627,377
fashion_shows,height_cm,1992,177.503976,1.706556,503
fashion_shows,height_cm,1993,177.633333,1.825859,705
fashion_shows,height_cm,1987,175.957447,1.421228,47
fashion_shows,height_cm,1988,176.286585,1.683307,82
fashion_shows,height_cm,1990,177.179293,2.046893,198
fashion_shows,height_cm,1984,178.000000,2.645751,3
fashion_shows,height_cm,1981,180.000000,0.000000,1
fashion_shows,height_cm,1985,176.000000,1.511858,8
fashion_shows,height_cm,1989,175.940000,1.895870,75
fashion_shows,height_cm,1986,175.750000,1.356801,12
fashion_shows,height_cm,1982,175.000000,0.000000,1
fashion_shows,height_cm,1980,173.000000,0.000000,1
fashion_shows,bust-eu_clean,2024,79.806162,3.425853,1071
fashion_shows,bust-eu_clean,2002,84.327955,2.281598,5237
fashion_shows,bust-eu_clean,2003,84.483902,2.301791,6243
fashion_shows,bust-eu_clean,2004,84.333900,2.378343,7354
fashion_shows,bust-eu_clean,2005,84.103516,2.490537,8704
fashion_shows,bust-eu_clean,2006,83.619571,2.692240,9877
fashion_shows,bust-eu_clean,2015,81.138611,2.636824,11085
fashion_shows,bust-eu_clean,2014,81.335756,2.517172,10871
fashion_shows,bust-eu_clean,2012,81.718163,2.610283,21571
fashion_shows,bust-eu_clean,1999,85.050212,2.537650,1653
fashion_shows,bust-eu_clean,2001,84.467288,2.273944,5151
fashion_shows,bust-eu_clean,2000,84.726169,2.192936,4448
fashion_shows,bust-eu_clean,2007,83.168775,2.821978,11068
fashion_shows,bust-eu_clean,2008,82.741794,2.976914,11150
fashion_shows,bust-eu_clean,2009,82.415064,2.837739,12427
fashion_shows,bust-eu_clean,2010,82.007832,2.703300,14619
fashion_shows,bust-eu_clean,2019,79.867559,3.488212,10980
fashion_shows,bust-eu_clean,2023,79.989804,4.133468,2952
fashion_shows,bust-eu_clean,2022,80.078317,4.141983,4515
fashion_shows,bust-eu_clean,2011,81.909828,2.542079,17583
fashion_shows,bust-eu_clean,2020,79.870163,3.528040,9096
fashion_shows,bust-eu_clean,2016,81.010800,2.765381,7963
fashion_shows,bust-eu_clean,2013,81.487661,2.613133,10333
fashion_shows,bust-eu_clean,2021,80.069419,3.894442,981
fashion_shows,bust-eu_clean,2018,80.729719,3.459684,3634
fashion_shows,bust-eu_clean,2017,80.946960,2.902577,5213
fashion_shows,bust-eu_clean,1994,86.918489,2.058728,503
fashion_shows,bust-eu_clean,1995,87.370339,2.376966,590
fashion_shows,bust-eu_clean,1997,85.910011,2.146824,2767
fashion_shows,bust-eu_clean,1998,85.467866,2.300688,2863
fashion_shows,bust-eu_clean,1996,86.901004,1.977303,697
fashion_shows,bust-eu_clean,1991,86.667109,1.905669,377
fashion_shows,bust-eu_clean,1992,86.977137,1.960510,503
fashion_shows,bust-eu_clean,1993,87.207801,2.044361,705
fashion_shows,bust-eu_clean,1987,86.127660,0.986144,47
fashion_shows,bust-eu_clean,1988,86.750000,1.470387,82
fashion_shows,bust-eu_clean,1990,86.762626,1.850152,198
fashion_shows,bust-eu_clean,1984,87.500000,2.179449,3
fashion_shows,bust-eu_clean,1981,90.000000,0.000000,1
fashion_shows,bust-eu_clean,1985,86.500000,1.035098,8
fashion_shows,bust-eu_clean,1989,86.500000,1.444935,75
fashion_shows,bust-eu_clean,1986,86.250000,0.583874,12
fashion_shows,bust-eu_clean,1982,86.000000,0.000000,1
fashion_shows,bust-eu_clean,1980,86.500000,0.000000,1
fashion_shows,waist-eu_clean,2024,60.427638,2.620220,1071
fashion_shows,waist-eu_clean,2002,60.306301,1.895760,5237
fashion_shows,waist-eu_clean,2003,60.484463,1.856132,6243
fashion_shows,waist-eu_clean,2004,60.537463,1.903776,7354
fashion_shows,waist-eu_clean,2005,60.487270,1.904811,8704
fashion_shows,waist-eu_clean,2006,60.392872,1.892296,9877
fashion_shows,waist-eu_clean,2015,60.479639,1.839223,11085
fashion_shows,waist-eu_clean,2014,60.559663,1.729959,10871
fashion_shows,waist-eu_clean,2012,60.613773,1.668573,21571
fashion_shows,waist-eu_clean,1999,60.552934,1.737132,1653
fashion_shows,waist-eu_clean,2001,60.409202,1.886350,5151
fashion_shows,waist-eu_clean,2000,60.708386,1.688399,4448
fashion_shows,waist-eu_clean,2007,60.521377,2.168157,11068
fashion_shows,waist-eu_clean,2008,60.507632,2.521544,11150
fashion_shows,waist-eu_clean,2009,60.596709,2.290960,12427
fashion_shows,waist-eu_clean,2010,60.471072,1.946064,14619
fashion_shows,waist-eu_clean,2019,60.195911,2.183648,10980
fashion_shows,waist-eu_clean,2023,60.643360,3.692970,2952
fashion_shows,waist-eu_clean,2022,60.606711,3.889476,4515
fashion_shows,waist-eu_clean,2011,60.632025,1.844181,17583
fashion_shows,waist-eu_clean,2020,60.253276,2.464783,9096
fashion_shows,waist-eu_clean,2016,60.306166,1.806901,7963
fashion_shows,waist-eu_clean,2013,60.565470,1.706690,10333
fashion_shows,waist-eu_clean,2021,60.478491,3.531123,981
fashion_shows,waist-eu_clean,2018,60.292983,2.025186,3634
fashion_shows,waist-eu_clean,2017,60.122214,1.766118,5213
fashion_shows,waist-eu_clean,1994,62.169980,3.446292,503
fashion_shows,waist-eu_clean,1995,62.138983,2.790082,590
fashion_shows,waist-eu_clean,1997,61.221648,1.908107,2767
fashion_shows,waist-eu_clean,1998,60.944953,2.069659,2863
fashion_shows,waist-eu_clean,1996,61.510043,2.331823,697
fashion_shows,waist-eu_clean,1991,62.893899,4.436537,377
fashion_shows,waist-eu_clean,1992,62.249105,3.656239,503
fashion_shows,waist-eu_clean,1993,62.302128,3.732791,705
fashion_shows,waist-eu_clean,1987,65.319149,4.451948,47
fashion_shows,waist-eu_clean,1988,64.725610,4.501819,82
fashion_shows,waist-eu_clean,1990,63.421717,4.623125,198
fashion_shows,waist-eu_clean,1984,63.833333,1.040833,3
fashion_shows,waist-eu_clean,1981,65.000000,0.000000,1
fashion_shows,waist-eu_clean,1985,65.687500,3.945499,8
fashion_shows,waist-eu_clean,1989,66.313333,4.117180,75
fashion_shows,waist-eu_clean,1986,66.333333,3.961940,12
fashion_shows,waist-eu_clean,1982,63.000000,0.000000,1
fashion_shows,waist-eu_clean,1980,61.000000,0.000000,1
fashion_shows,hips-eu_clean,2024,88.065173,2.411885,1071
fashion_shows,hips-eu_clean,2002,88.112183,1.457236,5237
fashion_shows,hips-eu_clean,2003,88.156495,1.390803,6243
fashion_shows,hips-eu_clean,2004,88.255099,1.553959,7354
fashion_shows,hips-eu_clean,2005,88.127125,1.783756,8704
fashion_shows,hips-eu_clean,2006,88.057001,1.812617,9877
fashion_shows,hips-eu_clean,2015,88.106856,1.986800,11085
fashion_shows,hips-eu_clean,2014,88.120090,2.036127,10871
fashion_shows,hips-eu_clean,2012,88.002874,1.973049,21571
fashion_shows,hips-eu_clean,1999,88.137931,1.705470,1653
fashion_shows,hips-eu_clean,2001,88.154242,1.558640,5151
fashion_shows,hips-eu_clean,2000,88.177383,1.550263,4448
fashion_shows,hips-eu_clean,2007,88.076617,2.367946,11068
fashion_shows,hips-eu_clean,2008,88.057803,2.689670,11150
fashion_shows,hips-eu_clean,2009,88.154261,2.492937,12427
fashion_shows,hips-eu_clean,2010,87.945414,2.229856,14619
fashion_shows,hips-eu_clean,2019,87.730519,2.219467,10980
fashion_shows,hips-eu_clean,2023,88.016260,3.332393,2952
fashion_shows,hips-eu_clean,2022,88.054241,3.968000,4515
fashion_shows,hips-eu_clean,2011,88.139908,2.307346,17583
fashion_shows,hips-eu_clean,2020,87.785642,2.503936,9096
fashion_shows,hips-eu_clean,2016,87.836494,1.809507,7963
fashion_shows,hips-eu_clean,2013,88.134762,2.195369,10333
fashion_shows,hips-eu_clean,2021,88.219878,3.110139,981
fashion_shows,hips-eu_clean,2018,87.784783,1.993762,3634
fashion_shows,hips-eu_clean,2017,87.817782,1.979577,5213
fashion_shows,hips-eu_clean,1994,90.144135,2.656384,503
fashion_shows,hips-eu_clean,1995,89.552542,2.223837,590
fashion_shows,hips-eu_clean,1997,88.621612,1.806315,2767
fashion_shows,hips-eu_clean,1998,88.488823,1.809753,2863
fashion_shows,hips-eu_clean,1996,89.269010,1.919841,697
fashion_shows,hips-eu_clean,1991,90.953581,3.171489,377
fashion_shows,hips-eu_clean,1992,90.688867,2.631807,503
fashion_shows,hips-eu_clean,1993,90.603546,3.015924,705
fashion_shows,hips-eu_clean,1987,93.595745,2.940789,47
fashion_shows,hips-eu_clean,1988,92.926829,3.238581,82
fashion_shows,hips-eu_clean,1990,91.997475,3.136690,198
fashion_shows,hips-eu_clean,1984,91.666667,2.309401,3
fashion_shows,hips-eu_clean,1981,93.000000,0.000000,1
fashion_shows,hips-eu_clean,1985,93.000000,3.464102,8
fashion_shows,hips-eu_clean,1989,93.793333,3.214298,75
fashion_shows,hips-eu_clean,1986,94.916667,2.678478,12
fashion_shows,hips-eu_clean,1982,93.000000,0.000000,1
fashion_shows,hips-eu_clean,1980,89.000000,0.000000,1
fashion_shows,rfm,2024,16.916844,2.324581,1071
fashion_shows,rfm,2002,17.032280,1.898951,5237
fashion_shows,rfm,2003,17.109679,1.894118,6243
fashion_shows,rfm,2004,17.131794,1.912890,7354
fashion_shows,rfm,2005,17.060003,1.865147,8704
fashion_shows,rfm,2006,17.035943,1.823569,9877
fashion_shows,rfm,2015,16.873329,1.733443,11085
fashion_shows,rfm,2014,16.980523,1.610735,10871
fashion_shows,rfm,2012,17.092230,1.586911,21571
fashion_shows,rfm,1999,17.238316,1.841061,1653
fashion_shows,rfm,2001,17.142768,1.865099,5151
fashion_shows,rfm,2000,17.399754,1.669407,4448
fashion_shows,rfm,2007,17.117546,1.946267,11068
fashion_shows,rfm,2008,17.011747,2.167689,11150
fashion_shows,rfm,2009,17.046887,1.972000,12427
fashion_shows,rfm,2010,16.999678,1.807548,14619
fashion_shows,rfm,2019,16.718699,2.036418,10980
fashion_shows,rfm,2023,17.074308,3.058088,2952
fashion_shows,rfm,2022,17.068748,3.200295,4515
fashion_shows,rfm,2011,17.109505,1.731749,17583
fashion_shows,rfm,2020,16.782941,2.204669,9096
fashion_shows,rfm,2016,16.711887,1.770104,7963
fashion_shows,rfm,2013,16.995221,1.615053,10333
fashion_shows,rfm,2021,16.985950,2.967336,981
fashion_shows,rfm,2018,16.841380,1.913698,3634
fashion_shows,rfm,2017,16.570990,1.750307,5213
fashion_shows,rfm,1994,18.819988,3.164539,503
fashion_shows,rfm,1995,18.563370,2.532689,590
fashion_shows,rfm,1997,17.936112,1.839296,2767
fashion_shows,rfm,1998,17.687416,1.903682,2863
fashion_shows,rfm,1996,18.197207,2.229682,697
fashion_shows,rfm,1991,19.307941,3.998498,377
fashion_shows,rfm,1992,18.776444,3.344233,503
fashion_shows,rfm,1993,18.787870,3.229006,705
fashion_shows,rfm,1987,21.844114,4.205201,47
fashion_shows,rfm,1988,21.237854,4.249447,82
fashion_shows,rfm,1990,19.810328,4.395436,198
fashion_shows,rfm,1984,20.227292,0.531080,3
fashion_shows,rfm,1981,20.615385,0.000000,1
fashion_shows,rfm,1985,22.221425,3.660444,8
fashion_shows,rfm,1989,22.705736,3.817646,75
fashion_shows,rfm,1986,22.820029,3.510320,12
fashion_shows,rfm,1982,20.444444,0.000000,1
fashion_shows,rfm,1980,19.278689,0.000000,1
advertisements,height_cm,2021,177.071637,2.882862,2394
advertisements,height_cm,2023,177.407738,2.917436,2520
advertisements,height_cm,2024,177.529117,2.817450,2095
advertisements,height_cm,2017,177.433174,2.462621,2716
advertisements,height_cm,2018,177.336844,2.641126,2991
advertisements,height_cm,2019,177.253722,2.676655,3090
advertisements,height_cm,2020,177.236920,2.920364,2351
advertisements,height_cm,2022,177.260622,2.955967,2636
advertisements,height_cm,2015,177.624909,2.442898,2750
advertisements,height_cm,2008,177.717763,2.334851,760
advertisements,height_cm,2009,177.642171,2.402615,1041
advertisements,height_cm,2010,177.586469,2.428243,1249
advertisements,height_cm,2011,177.621498,2.276046,1642
advertisements,height_cm,2012,177.728240,2.298668,2068
advertisements,height_cm,2013,177.684831,2.394286,2459
advertisements,height_cm,2014,177.709775,2.377997,2486
advertisements,height_cm,2016,177.572309,2.403907,3001
advertisements,height_cm,2007,177.635838,2.312296,346
advertisements,height_cm,2003,177.450980,2.410070,153
advertisements,height_cm,1998,177.129630,2.537027,162
advertisements,height_cm,1999,176.847059,3.035806,170
advertisements,height_cm,2000,177.420732,2.204944,164
advertisements,height_cm,2001,177.240741,2.510983,162
advertisements,height_cm,2004,178.021368,2.502268,234
advertisements,height_cm,2006,177.676080,2.425674,301
advertisements,height_cm,2002,177.554878,2.250434,164
advertisements,height_cm,2005,177.631915,2.221602,235
advertisements,height_cm,1995,177.384615,2.486717,91
advertisements,height_cm,1996,176.816993,2.412789,153
advertisements,height_cm,1997,176.966667,2.619773,165
advertisements,height_cm,1990,178.123188,1.980430,69
advertisements,height_cm,1992,177.705556,2.047051,90
advertisements,height_cm,1993,177.091743,2.523193,109
advertisements,height_cm,1994,176.965517,2.445681,87
advertisements,height_cm,1991,177.636905,2.369931,84
advertisements,height_cm,1982,178.437500,1.314978,16
advertisements,height_cm,1983,177.888889,1.711171,18
advertisements,height_cm,1984,178.638889,1.661020,18
advertisements,height_cm,1987,177.808511,1.689331,47
advertisements,height_cm,1988,177.549020,2.003135,51
advertisements,height_cm,1989,177.820513,2.611934,39
advertisements,height_cm,1976,177.727273,0.904534,11
advertisements,height_cm,1985,177.764706,2.411675,17
advertisements,height_cm,1986,178.240000,1.690168,25
advertisements,height_cm,1977,178.571429,0.975900,7
advertisements,height_cm,1978,178.125000,1.807722,8
advertisements,height_cm,1979,178.166667,0.983192,6
advertisements,height_cm,1980,178.100000,2.024846,10
advertisements,height_cm,1981,179.000000,1.154701,13
advertisements,height_cm,1970,178.000000,0.000000,1
advertisements,height_cm,1971,178.000000,0.000000,5
advertisements,height_cm,1972,178.000000,0.000000,9
advertisements,height_cm,1973,178.000000,0.000000,8
advertisements,height_cm,1974,178.000000,0.000000,11
advertisements,height_cm,1975,178.000000,0.000000,8
advertisements,bust-eu_clean,2021,82.262490,5.031450,2394
advertisements,bust-eu_clean,2023,81.698333,4.752536,2520
advertisements,bust-eu_clean,2024,81.516468,4.895210,2095
advertisements,bust-eu_clean,2017,82.424853,3.937235,2716
advertisements,bust-eu_clean,2018,82.001906,4.296801,2991
advertisements,bust-eu_clean,2019,82.054369,4.299894,3090
advertisements,bust-eu_clean,2020,81.931986,4.449266,2351
advertisements,bust-eu_clean,2022,82.088126,4.986483,2636
advertisements,bust-eu_clean,2015,82.950545,3.872519,2750
advertisements,bust-eu_clean,2008,84.516711,2.620261,760
advertisements,bust-eu_clean,2009,84.149664,2.812866,1041
advertisements,bust-eu_clean,2010,83.796557,3.350315,1249
advertisements,bust-eu_clean,2011,83.589525,3.195236,1642
advertisements,bust-eu_clean,2012,83.270068,3.242155,2068
advertisements,bust-eu_clean,2013,83.135990,3.406551,2459
advertisements,bust-eu_clean,2014,83.189179,3.465519,2486
advertisements,bust-eu_clean,2016,82.798767,4.167413,3001
advertisements,bust-eu_clean,2007,84.357225,2.769600,346
advertisements,bust-eu_clean,2003,85.091503,2.197814,153
advertisements,bust-eu_clean,1998,85.354938,2.155221,162
advertisements,bust-eu_clean,1999,85.726471,1.693236,170
advertisements,bust-eu_clean,2000,85.280488,1.840408,164
advertisements,bust-eu_clean,2001,85.364198,2.186225,162
advertisements,bust-eu_clean,2004,85.017094,2.620431,234
advertisements,bust-eu_clean,2006,84.858140,2.640778,301
advertisements,bust-eu_clean,2002,85.000000,2.430633,164
advertisements,bust-eu_clean,2005,84.842128,2.308340,235
advertisements,bust-eu_clean,1995,87.269231,1.928309,91
advertisements,bust-eu_clean,1996,86.385621,1.670661,153
advertisements,bust-eu_clean,1997,86.103030,1.513654,165
advertisements,bust-eu_clean,1990,87.340580,1.918357,69
advertisements,bust-eu_clean,1992,87.577778,1.912277,90
advertisements,bust-eu_clean,1993,87.110092,1.667164,109
advertisements,bust-eu_clean,1994,86.752874,2.068414,87
advertisements,bust-eu_clean,1991,87.205952,2.026710,84
advertisements,bust-eu_clean,1982,88.468750,1.793216,16
advertisements,bust-eu_clean,1983,88.305556,1.871920,18
advertisements,bust-eu_clean,1984,88.805556,1.741694,18
advertisements,bust-eu_clean,1987,87.063830,1.596930,47
advertisements,bust-eu_clean,1988,87.225490,1.798093,51
advertisements,bust-eu_clean,1989,87.884615,2.522169,39
advertisements,bust-eu_clean,1976,86.318182,0.462208,11
advertisements,bust-eu_clean,1985,87.882353,2.050377,17
advertisements,bust-eu_clean,1986,87.560000,1.872610,25
advertisements,bust-eu_clean,1977,87.928571,2.439750,7
advertisements,bust-eu_clean,1978,89.000000,2.672612,8
advertisements,bust-eu_clean,1979,87.333333,2.041241,6
advertisements,bust-eu_clean,1980,87.550000,1.690661,10
advertisements,bust-eu_clean,1981,88.384615,1.816061,13
advertisements,bust-eu_clean,1970,86.500000,0.000000,1
advertisements,bust-eu_clean,1971,86.500000,0.000000,5
advertisements,bust-eu_clean,1972,86.500000,0.000000,9
advertisements,bust-eu_clean,1973,86.500000,0.000000,8
advertisements,bust-eu_clean,1974,86.500000,0.000000,11
advertisements,bust-eu_clean,1975,86.500000,0.000000,8
advertisements,waist-eu_clean,2021,61.527193,4.994414,2394
advertisements,waist-eu_clean,2023,61.233452,4.310991,2520
advertisements,waist-eu_clean,2024,61.140716,4.271323,2095
advertisements,waist-eu_clean,2017,60.974926,3.230381,2716
advertisements,waist-eu_clean,2018,60.860582,3.578644,2991
advertisements,waist-eu_clean,2019,60.761521,3.401606,3090
advertisements,waist-eu_clean,2020,61.010464,4.031944,2351
advertisements,waist-eu_clean,2022,61.414947,4.861475,2636
advertisements,waist-eu_clean,2015,61.098255,3.208012,2750
advertisements,waist-eu_clean,2008,60.749474,2.309452,760
advertisements,waist-eu_clean,2009,60.932565,2.397957,1041
advertisements,waist-eu_clean,2010,61.141793,3.007205,1249
advertisements,waist-eu_clean,2011,60.991048,2.599297,1642
advertisements,waist-eu_clean,2012,61.012814,2.840316,2068
advertisements,waist-eu_clean,2013,60.949288,2.938616,2459
advertisements,waist-eu_clean,2014,61.046380,3.097766,2486
advertisements,waist-eu_clean,2016,61.038387,3.493369,3001
advertisements,waist-eu_clean,2007,60.784104,2.093788,346
advertisements,waist-eu_clean,2003,60.386275,2.423570,153
advertisements,waist-eu_clean,1998,60.728395,2.506574,162
advertisements,waist-eu_clean,1999,61.164706,2.017510,170
advertisements,waist-eu_clean,2000,60.758537,1.992252,164
advertisements,waist-eu_clean,2001,60.512963,2.124981,162
advertisements,waist-eu_clean,2004,61.108547,2.778491,234
advertisements,waist-eu_clean,2006,60.775083,2.631136,301
advertisements,waist-eu_clean,2002,60.682317,2.837326,164
advertisements,waist-eu_clean,2005,60.257021,2.284092,235
advertisements,waist-eu_clean,1995,61.302198,3.078491,91
advertisements,waist-eu_clean,1996,61.267974,2.488147,153
advertisements,waist-eu_clean,1997,61.146061,2.630624,165
advertisements,waist-eu_clean,1990,60.681159,3.292115,69
advertisements,waist-eu_clean,1992,61.105556,3.300063,90
advertisements,waist-eu_clean,1993,61.334862,3.522451,109
advertisements,waist-eu_clean,1994,60.900000,3.296792,87
advertisements,waist-eu_clean,1991,61.003571,3.783428,84
advertisements,waist-eu_clean,1982,64.812500,3.906725,16
advertisements,waist-eu_clean,1983,66.111111,5.438305,18
advertisements,waist-eu_clean,1984,63.722222,3.630841,18
advertisements,waist-eu_clean,1987,60.925532,3.824945,47
advertisements,waist-eu_clean,1988,62.205882,5.061795,51
advertisements,waist-eu_clean,1989,63.115385,5.329241,39
advertisements,waist-eu_clean,1976,65.636364,0.809040,11
advertisements,waist-eu_clean,1985,63.411765,3.501050,17
advertisements,waist-eu_clean,1986,61.140000,3.962112,25
advertisements,waist-eu_clean,1977,67.428571,2.439750,7
advertisements,waist-eu_clean,1978,67.250000,3.535534,8
advertisements,waist-eu_clean,1979,66.833333,2.041241,6
advertisements,waist-eu_clean,1980,65.200000,1.549193,10
advertisements,waist-eu_clean,1981,66.038462,2.295481,13
advertisements,waist-eu_clean,1970,66.000000,0.000000,1
advertisements,waist-eu_clean,1971,66.000000,0.000000,5
advertisements,waist-eu_clean,1972,66.000000,0.000000,9
advertisements,waist-eu_clean,1973,66.000000,0.000000,8
advertisements,waist-eu_clean,1974,66.000000,0.000000,11
advertisements,waist-eu_clean,1975,66.000000,0.000000,8
advertisements,hips-eu_clean,2021,89.307226,5.554676,2394
advertisements,hips-eu_clean,2023,88.493651,4.057245,2520
advertisements,hips-eu_clean,2024,88.551594,3.691465,2095
advertisements,hips-eu_clean,2017,88.384021,3.312803,2716
advertisements,hips-eu_clean,2018,88.394952,3.845762,2991
advertisements,hips-eu_clean,2019,88.445469,3.430365,3090
advertisements,hips-eu_clean,2020,88.663547,4.559740,2351
advertisements,hips-eu_clean,2022,88.912405,5.067819,2636
advertisements,hips-eu_clean,2015,88.502255,3.299551,2750
advertisements,hips-eu_clean,2008,88.162105,1.727370,760
advertisements,hips-eu_clean,2009,88.237080,1.844459,1041
advertisements,hips-eu_clean,2010,88.357406,2.630186,1249
advertisements,hips-eu_clean,2011,88.258222,2.530859,1642
advertisements,hips-eu_clean,2012,88.294246,2.712761,2068
advertisements,hips-eu_clean,2013,88.381692,2.817738,2459
advertisements,hips-eu_clean,2014,88.515076,2.991313,2486
advertisements,hips-eu_clean,2016,88.592303,3.913892,3001
advertisements,hips-eu_clean,2007,88.154913,1.647516,346
advertisements,hips-eu_clean,2003,88.526144,1.740378,153
advertisements,hips-eu_clean,1998,88.570988,1.978037,162
advertisements,hips-eu_clean,1999,88.594118,1.739710,170
advertisements,hips-eu_clean,2000,88.399390,1.722443,164
advertisements,hips-eu_clean,2001,88.429012,1.719334,162
advertisements,hips-eu_clean,2004,88.788462,2.592312,234
advertisements,hips-eu_clean,2006,88.402990,2.138915,301
advertisements,hips-eu_clean,2002,88.756098,2.093290,164
advertisements,hips-eu_clean,2005,87.887191,1.862802,235
advertisements,hips-eu_clean,1995,89.609890,1.960445,91
advertisements,hips-eu_clean,1996,88.947712,1.730306,153
advertisements,hips-eu_clean,1997,89.127273,2.175707,165
advertisements,hips-eu_clean,1990,90.434783,1.655901,69
advertisements,hips-eu_clean,1992,90.427778,1.959651,90
advertisements,hips-eu_clean,1993,90.050459,2.005715,109
advertisements,hips-eu_clean,1994,90.281609,2.094707,87
advertisements,hips-eu_clean,1991,90.607143,2.294666,84
advertisements,hips-eu_clean,1982,92.375000,2.717229,16
advertisements,hips-eu_clean,1983,91.722222,3.352884,18
advertisements,hips-eu_clean,1984,91.555556,1.748015,18
advertisements,hips-eu_clean,1987,90.542553,2.686176,47
advertisements,hips-eu_clean,1988,90.921569,2.587224,51
advertisements,hips-eu_clean,1989,91.230769,3.184763,39
advertisements,hips-eu_clean,1976,90.772727,1.751623,11
advertisements,hips-eu_clean,1985,91.411765,2.796400,17
advertisements,hips-eu_clean,1986,91.080000,1.662578,25
advertisements,hips-eu_clean,1977,92.785714,2.195775,7
advertisements,hips-eu_clean,1978,93.500000,2.604940,8
advertisements,hips-eu_clean,1979,92.666667,1.914854,6
advertisements,hips-eu_clean,1980,91.700000,1.183216,10
advertisements,hips-eu_clean,1981,92.500000,0.866025,13
advertisements,hips-eu_clean,1970,91.500000,0.000000,1
advertisements,hips-eu_clean,1971,91.500000,0.000000,5
advertisements,hips-eu_clean,1972,91.500000,0.000000,9
advertisements,hips-eu_clean,1973,91.500000,0.000000,8
advertisements,hips-eu_clean,1974,91.500000,0.000000,11
advertisements,hips-eu_clean,1975,91.500000,0.000000,8
advertisements,rfm,2021,18.134230,3.921132,2394
advertisements,rfm,2023,17.824743,3.422453,2520
advertisements,rfm,2024,17.696739,3.445506,2095
advertisements,rfm,2017,17.664627,2.712125,2716
advertisements,rfm,2018,17.559759,2.934639,2991
advertisements,rfm,2019,17.506599,2.820474,3090
advertisements,rfm,2020,17.694502,3.265955,2351
advertisements,rfm,2022,17.983544,3.813924,2636
advertisements,rfm,2015,17.725923,2.622466,2750
advertisements,rfm,2008,17.413347,2.205606,760
advertisements,rfm,2009,17.612594,2.175246,1041
advertisements,rfm,2010,17.794131,2.490495,1249
advertisements,rfm,2011,17.662514,2.296659,1642
advertisements,rfm,2012,17.636784,2.371617,2068
advertisements,rfm,2013,17.583615,2.437421,2459
advertisements,rfm,2014,17.656390,2.548317,2486
advertisements,rfm,2016,17.658909,2.871767,3001
advertisements,rfm,2007,17.488962,1.988093,346
advertisements,rfm,2003,17.132647,2.523845,153
advertisements,rfm,1998,17.576982,2.307445,162
advertisements,rfm,1999,18.111774,2.130296,170
advertisements,rfm,2000,17.528831,2.232115,164
advertisements,rfm,2001,17.349703,2.198439,162
advertisements,rfm,2004,17.626185,2.569016,234
advertisements,rfm,2006,17.433333,2.380536,301
advertisements,rfm,2002,17.349832,2.907181,164
advertisements,rfm,2005,16.963827,2.198910,235
advertisements,rfm,1995,17.986070,2.970244,91
advertisements,rfm,1996,18.187391,2.445228,153
advertisements,rfm,1997,18.009479,2.656124,165
advertisements,rfm,1990,17.140352,2.906335,69
advertisements,rfm,1992,17.680677,2.994410,90
advertisements,rfm,1993,18.077632,3.211622,109
advertisements,rfm,1994,17.721388,3.139098,87
advertisements,rfm,1991,17.560359,3.376005,84
advertisements,rfm,1982,20.757363,3.195712,16
advertisements,rfm,1983,21.847541,4.368081,18
advertisements,rfm,1984,19.777135,2.893475,18
advertisements,rfm,1987,17.424158,3.416300,47
advertisements,rfm,1988,18.577351,4.298248,51
advertisements,rfm,1989,19.290937,4.472904,39
advertisements,rfm,1976,21.839360,0.535021,11
advertisements,rfm,1985,19.784162,2.939929,17
advertisements,rfm,1986,17.483516,3.429884,25
advertisements,rfm,1977,22.984940,1.578601,7
advertisements,rfm,1978,22.919845,2.314357,8
advertisements,rfm,1979,22.650306,1.301666,6
advertisements,rfm,1980,21.348848,0.996609,10
advertisements,rfm,1981,21.726727,1.969246,13
advertisements,rfm,1970,22.060606,0.000000,1
advertisements,rfm,1971,22.060606,0.000000,5
advertisements,rfm,1972,22.060606,0.000000,9
advertisements,rfm,1973,22.060606,0.000000,8
advertisements,rfm,1974,22.060606,0.000000,11
advertisements,rfm,1975,22.060606,0.000000,8
magazine_covers,height_cm,2007,177.030948,2.806101,1551
magazine_covers,height_cm,2016,177.390468,2.443189,1794
magazine_covers,height_cm,2017,177.263019,2.619847,1709
magazine_covers,height_cm,2019,177.186111,2.727304,1980
magazine_covers,height_cm,2020,177.081946,2.805003,1562
magazine_covers,height_cm,2015,177.312435,2.510689,1922
magazine_covers,height_cm,2022,176.785570,3.683526,991
magazine_covers,height_cm,2023,177.069703,2.889238,1076
magazine_covers,height_cm,2024,177.241667,2.780543,960
magazine_covers,height_cm,2005,176.926280,2.973717,1309
magazine_covers,height_cm,2008,177.086189,2.682294,1897
magazine_covers,height_cm,2009,177.022979,2.674618,2350
magazine_covers,height_cm,2010,177.067384,2.672535,3020
magazine_covers,height_cm,2011,177.112132,2.627192,3973
magazine_covers,height_cm,2012,177.048783,2.636009,4397
magazine_covers,height_cm,2014,177.419940,2.491817,2317
magazine_covers,height_cm,2018,177.053249,2.729258,1662
magazine_covers,height_cm,2021,176.876725,3.164385,1087
magazine_covers,height_cm,2002,176.717327,2.859971,1010
magazine_covers,height_cm,2013,177.176828,2.638460,4035
magazine_covers,height_cm,2006,176.850685,2.864061,1460
magazine_covers,height_cm,2003,176.972630,2.772477,1023
magazine_covers,height_cm,1995,177.444086,2.530651,465
magazine_covers,height_cm,1996,177.029820,2.659263,721
magazine_covers,height_cm,1998,176.956604,2.909693,795
magazine_covers,height_cm,2000,177.151412,2.820158,885
magazine_covers,height_cm,2001,176.845729,2.755928,995
magazine_covers,height_cm,2004,177.004149,2.788946,1205
magazine_covers,height_cm,1997,176.989809,2.799626,785
magazine_covers,height_cm,1999,176.908075,2.835388,805
magazine_covers,height_cm,1986,177.747934,2.998002,121
magazine_covers,height_cm,1993,177.408768,2.595326,422
magazine_covers,height_cm,1994,177.417241,2.727662,435
magazine_covers,height_cm,1980,175.242424,2.250421,33
magazine_covers,height_cm,1989,178.013060,2.947229,268
magazine_covers,height_cm,1991,177.951827,2.532161,301
magazine_covers,height_cm,1992,177.995050,2.137918,404
magazine_covers,height_cm,1990,177.808824,2.622679,272
magazine_covers,height_cm,1981,176.346154,1.978733,26
magazine_covers,height_cm,1982,175.892157,2.563813,51
magazine_covers,height_cm,1983,176.362319,2.716892,69
magazine_covers,height_cm,1984,176.097222,2.592838,72
magazine_covers,height_cm,1985,177.265625,2.955985,64
magazine_covers,height_cm,1987,177.516854,2.579197,178
magazine_covers,height_cm,1973,173.545455,4.568668,11
magazine_covers,height_cm,1974,171.533333,3.925497,15
magazine_covers,height_cm,1975,175.000000,3.622844,17
magazine_covers,height_cm,1976,174.428571,3.047247,7
magazine_covers,height_cm,1977,175.375000,1.060660,8
magazine_covers,height_cm,1988,177.602857,2.649711,175
magazine_covers,height_cm,1959,178.000000,0.000000,1
magazine_covers,height_cm,1970,178.000000,0.000000,9
magazine_covers,height_cm,1978,176.000000,1.914854,13
magazine_covers,height_cm,1979,174.409091,1.736419,22
magazine_covers,height_cm,1965,167.500000,0.000000,1
magazine_covers,height_cm,1969,173.722222,3.527668,9
magazine_covers,height_cm,1971,174.687500,4.757982,8
magazine_covers,height_cm,1972,175.611111,4.117951,18
magazine_covers,height_cm,1968,168.800000,1.686548,10
magazine_covers,height_cm,1966,168.750000,0.500000,4
magazine_covers,height_cm,1967,168.866667,0.351866,15
magazine_covers,bust-eu_clean,2007,84.746164,3.152647,1551
magazine_covers,bust-eu_clean,2016,83.463935,3.832820,1794
magazine_covers,bust-eu_clean,2017,83.254535,3.946540,1709
magazine_covers,bust-eu_clean,2019,82.869040,4.438155,1980
magazine_covers,bust-eu_clean,2020,82.910435,4.398094,1562
magazine_covers,bust-eu_clean,2015,83.353694,3.553025,1922
magazine_covers,bust-eu_clean,2022,82.556609,4.452802,991
magazine_covers,bust-eu_clean,2023,83.073699,4.907252,1076
magazine_covers,bust-eu_clean,2024,82.426354,4.801119,960
magazine_covers,bust-eu_clean,2005,85.495264,2.741764,1309
magazine_covers,bust-eu_clean,2008,84.572694,3.015465,1897
magazine_covers,bust-eu_clean,2009,84.279660,3.135067,2350
magazine_covers,bust-eu_clean,2010,84.182086,3.175823,3020
magazine_covers,bust-eu_clean,2011,83.685603,3.196356,3973
magazine_covers,bust-eu_clean,2012,83.582647,3.312693,4397
magazine_covers,bust-eu_clean,2014,83.721839,3.465097,2317
magazine_covers,bust-eu_clean,2018,83.018833,4.413262,1662
magazine_covers,bust-eu_clean,2021,82.746826,4.743025,1087
magazine_covers,bust-eu_clean,2002,85.998713,2.342296,1010
magazine_covers,bust-eu_clean,2013,83.604089,3.434964,4035
magazine_covers,bust-eu_clean,2006,85.207466,2.983352,1460
magazine_covers,bust-eu_clean,2003,85.909286,2.345534,1023
magazine_covers,bust-eu_clean,1995,87.064516,2.383295,465
magazine_covers,bust-eu_clean,1996,86.944383,2.229811,721
magazine_covers,bust-eu_clean,1998,86.379748,2.343533,795
magazine_covers,bust-eu_clean,2000,86.046667,2.508506,885
magazine_covers,bust-eu_clean,2001,85.831156,2.534200,995
magazine_covers,bust-eu_clean,2004,85.833610,2.721529,1205
magazine_covers,bust-eu_clean,1997,86.627389,2.182450,785
magazine_covers,bust-eu_clean,1999,86.182981,2.388982,805
magazine_covers,bust-eu_clean,1986,88.028926,2.218575,121
magazine_covers,bust-eu_clean,1993,87.095972,1.888120,422
magazine_covers,bust-eu_clean,1994,87.045977,2.656867,435
magazine_covers,bust-eu_clean,1980,87.060606,1.633428,33
magazine_covers,bust-eu_clean,1989,88.184701,2.347688,268
magazine_covers,bust-eu_clean,1991,87.466777,1.985504,301
magazine_covers,bust-eu_clean,1992,87.516089,2.075884,404
magazine_covers,bust-eu_clean,1990,87.630882,2.026322,272
magazine_covers,bust-eu_clean,1981,87.576923,1.747526,26
magazine_covers,bust-eu_clean,1982,88.264706,1.983313,51
magazine_covers,bust-eu_clean,1983,88.340580,2.153132,69
magazine_covers,bust-eu_clean,1984,88.055556,1.981527,72
magazine_covers,bust-eu_clean,1985,87.726562,2.009757,64
magazine_covers,bust-eu_clean,1987,87.648876,1.994774,178
magazine_covers,bust-eu_clean,1973,86.181818,2.839654,11
magazine_covers,bust-eu_clean,1974,84.500000,1.792843,15
magazine_covers,bust-eu_clean,1975,86.411765,2.412437,17
magazine_covers,bust-eu_clean,1976,86.071429,0.932227,7
magazine_covers,bust-eu_clean,1977,86.562500,4.092131,8
magazine_covers,bust-eu_clean,1988,87.688571,2.075829,175
magazine_covers,bust-eu_clean,1959,91.000000,0.000000,1
magazine_covers,bust-eu_clean,1970,87.611111,1.317616,9
magazine_covers,bust-eu_clean,1978,88.038462,2.401922,13
magazine_covers,bust-eu_clean,1979,86.931818,2.194666,22
magazine_covers,bust-eu_clean,1965,86.500000,0.000000,1
magazine_covers,bust-eu_clean,1969,91.500000,3.952847,9
magazine_covers,bust-eu_clean,1971,86.625000,1.726888,8
magazine_covers,bust-eu_clean,1972,86.750000,2.756009,18
magazine_covers,bust-eu_clean,1968,84.200000,0.421637,10
magazine_covers,bust-eu_clean,1966,81.750000,1.500000,4
magazine_covers,bust-eu_clean,1967,81.400000,1.055597,15
magazine_covers,waist-eu_clean,2007,60.926821,2.355836,1551
magazine_covers,waist-eu_clean,2016,61.116611,3.071798,1794
magazine_covers,waist-eu_clean,2017,61.019836,2.779894,1709
magazine_covers,waist-eu_clean,2019,61.016263,3.348653,1980
magazine_covers,waist-eu_clean,2020,61.110307,3.328656,1562
magazine_covers,waist-eu_clean,2015,61.028772,2.888614,1922
magazine_covers,waist-eu_clean,2022,60.983956,3.485876,991
magazine_covers,waist-eu_clean,2023,61.494331,4.059203,1076
magazine_covers,waist-eu_clean,2024,61.200104,3.539365,960
magazine_covers,waist-eu_clean,2005,60.981360,2.412177,1309
magazine_covers,waist-eu_clean,2008,60.850975,2.333423,1897
magazine_covers,waist-eu_clean,2009,60.797362,2.200115,2350
magazine_covers,waist-eu_clean,2010,61.020563,2.733689,3020
magazine_covers,waist-eu_clean,2011,60.973672,2.513669,3973
magazine_covers,waist-eu_clean,2012,60.975802,2.603483,4397
magazine_covers,waist-eu_clean,2014,60.962667,2.614908,2317
magazine_covers,waist-eu_clean,2018,61.033514,3.254967,1662
magazine_covers,waist-eu_clean,2021,61.151058,3.783462,1087
magazine_covers,waist-eu_clean,2002,60.915050,2.213140,1010
magazine_covers,waist-eu_clean,2013,60.985279,2.616464,4035
magazine_covers,waist-eu_clean,2006,61.048014,2.501885,1460
magazine_covers,waist-eu_clean,2003,61.097361,2.188518,1023
magazine_covers,waist-eu_clean,1995,61.606882,3.090342,465
magazine_covers,waist-eu_clean,1996,61.893343,3.284798,721
magazine_covers,waist-eu_clean,1998,61.493585,2.763230,795
magazine_covers,waist-eu_clean,2000,60.927345,2.213553,885
magazine_covers,waist-eu_clean,2001,60.801809,2.309864,995
magazine_covers,waist-eu_clean,2004,61.097095,2.307467,1205
magazine_covers,waist-eu_clean,1997,61.630828,2.813387,785
magazine_covers,waist-eu_clean,1999,61.222609,2.521714,805
magazine_covers,waist-eu_clean,1986,65.363636,5.064994,121
magazine_covers,waist-eu_clean,1993,62.075118,3.673694,422
magazine_covers,waist-eu_clean,1994,61.690575,3.091937,435
magazine_covers,waist-eu_clean,1980,60.893939,0.907930,33
magazine_covers,waist-eu_clean,1989,63.444030,3.851971,268
magazine_covers,waist-eu_clean,1991,62.706312,3.601860,301
magazine_covers,waist-eu_clean,1992,62.491832,3.473395,404
magazine_covers,waist-eu_clean,1990,63.159191,3.851485,272
magazine_covers,waist-eu_clean,1981,62.576923,3.989216,26
magazine_covers,waist-eu_clean,1982,62.725490,4.872693,51
magazine_covers,waist-eu_clean,1983,65.471014,6.175071,69
magazine_covers,waist-eu_clean,1984,66.513889,6.210493,72
magazine_covers,waist-eu_clean,1985,65.664062,5.127002,64
magazine_covers,waist-eu_clean,1987,64.935393,5.099300,178
magazine_covers,waist-eu_clean,1973,64.090909,6.015888,11
magazine_covers,waist-eu_clean,1974,60.766667,3.217512,15
magazine_covers,waist-eu_clean,1975,63.441176,5.195799,17
magazine_covers,waist-eu_clean,1976,62.500000,4.072264,7
magazine_covers,waist-eu_clean,1977,63.250000,4.166190,8
magazine_covers,waist-eu_clean,1988,65.122857,5.286400,175
magazine_covers,waist-eu_clean,1959,74.000000,0.000000,1
magazine_covers,waist-eu_clean,1970,69.111111,3.689324,9
magazine_covers,waist-eu_clean,1978,60.423077,2.080126,13
magazine_covers,waist-eu_clean,1979,60.659091,0.878125,22
magazine_covers,waist-eu_clean,1965,76.000000,0.000000,1
magazine_covers,waist-eu_clean,1969,75.722222,6.787448,9
magazine_covers,waist-eu_clean,1971,67.437500,6.126275,8
magazine_covers,waist-eu_clean,1972,66.472222,6.086321,18
magazine_covers,waist-eu_clean,1968,59.000000,1.054093,10
magazine_covers,waist-eu_clean,1966,56.625000,1.250000,4
magazine_covers,waist-eu_clean,1967,56.333333,0.879664,15
magazine_covers,hips-eu_clean,2007,88.680193,2.381632,1551
magazine_covers,hips-eu_clean,2016,88.584554,3.055733,1794
magazine_covers,hips-eu_clean,2017,88.445518,2.879699,1709
magazine_covers,hips-eu_clean,2019,88.636500,3.609309,1980
magazine_covers,hips-eu_clean,2020,88.575141,3.266656,1562
magazine_covers,hips-eu_clean,2015,88.544641,2.790302,1922
magazine_covers,hips-eu_clean,2022,88.591423,3.813657,991
magazine_covers,hips-eu_clean,2023,88.862732,3.962331,1076
magazine_covers,hips-eu_clean,2024,88.779479,3.749740,960
magazine_covers,hips-eu_clean,2005,88.741253,2.460954,1309
magazine_covers,hips-eu_clean,2008,88.525609,2.289258,1897
magazine_covers,hips-eu_clean,2009,88.554766,2.180614,2350
magazine_covers,hips-eu_clean,2010,88.595752,2.892493,3020
magazine_covers,hips-eu_clean,2011,88.542512,2.563083,3973
magazine_covers,hips-eu_clean,2012,88.507978,2.549179,4397
magazine_covers,hips-eu_clean,2014,88.523306,2.535690,2317
magazine_covers,hips-eu_clean,2018,88.581227,3.375206,1662
magazine_covers,hips-eu_clean,2021,88.764296,3.896187,1087
magazine_covers,hips-eu_clean,2002,88.891287,2.054834,1010
magazine_covers,hips-eu_clean,2013,88.482572,2.407072,4035
magazine_covers,hips-eu_clean,2006,88.761233,2.439231,1460
magazine_covers,hips-eu_clean,2003,88.801447,2.093503,1023
magazine_covers,hips-eu_clean,1995,89.686022,2.380171,465
magazine_covers,hips-eu_clean,1996,89.528294,2.520274,721
magazine_covers,hips-eu_clean,1998,89.254591,2.427469,795
magazine_covers,hips-eu_clean,2000,88.796045,2.206514,885
magazine_covers,hips-eu_clean,2001,88.718593,2.106139,995
magazine_covers,hips-eu_clean,2004,88.995170,2.381362,1205
magazine_covers,hips-eu_clean,1997,89.265605,2.426961,785
magazine_covers,hips-eu_clean,1999,89.007826,2.257855,805
magazine_covers,hips-eu_clean,1986,91.297521,3.041093,121
magazine_covers,hips-eu_clean,1993,89.985782,2.918088,422
magazine_covers,hips-eu_clean,1994,89.658621,2.444337,435
magazine_covers,hips-eu_clean,1980,89.000000,1.380670,33
magazine_covers,hips-eu_clean,1989,90.945896,3.145632,268
magazine_covers,hips-eu_clean,1991,90.732558,2.985365,301
magazine_covers,hips-eu_clean,1992,90.490099,2.813456,404
magazine_covers,hips-eu_clean,1990,91.185662,2.875571,272
magazine_covers,hips-eu_clean,1981,90.423077,3.148626,26
magazine_covers,hips-eu_clean,1982,90.186275,2.114145,51
magazine_covers,hips-eu_clean,1983,90.202899,2.623871,69
magazine_covers,hips-eu_clean,1984,90.875000,2.936835,72
magazine_covers,hips-eu_clean,1985,91.406250,3.380470,64
magazine_covers,hips-eu_clean,1987,91.662921,2.780354,178
magazine_covers,hips-eu_clean,1973,89.636364,3.074824,11
magazine_covers,hips-eu_clean,1974,87.800000,2.895810,15
magazine_covers,hips-eu_clean,1975,90.117647,3.818251,17
magazine_covers,hips-eu_clean,1976,88.928571,5.403923,7
magazine_covers,hips-eu_clean,1977,89.687500,3.081483,8
magazine_covers,hips-eu_clean,1988,91.402857,3.188835,175
magazine_covers,hips-eu_clean,1959,99.000000,0.000000,1
magazine_covers,hips-eu_clean,1970,93.944444,2.898755,9
magazine_covers,hips-eu_clean,1978,88.230769,2.137126,13
magazine_covers,hips-eu_clean,1979,88.204545,1.191828,22
magazine_covers,hips-eu_clean,1965,89.000000,0.000000,1
magazine_covers,hips-eu_clean,1969,94.277778,3.767552,9
magazine_covers,hips-eu_clean,1971,91.500000,3.854496,8
magazine_covers,hips-eu_clean,1972,91.694444,4.419672,18
magazine_covers,hips-eu_clean,1968,86.800000,0.632456,10
magazine_covers,hips-eu_clean,1966,82.375000,2.750000,4
magazine_covers,hips-eu_clean,1967,81.733333,1.935262,15
magazine_covers,rfm,2007,17.810284,2.200225,1551
magazine_covers,rfm,2016,17.822704,2.672612,1794
magazine_covers,rfm,2017,17.791597,2.538633,1709
magazine_covers,rfm,2019,17.771465,2.894616,1980
magazine_covers,rfm,2020,17.897812,2.872476,1562
magazine_covers,rfm,2015,17.778707,2.553872,1922
magazine_covers,rfm,2022,17.858423,3.136163,991
magazine_covers,rfm,2023,18.196745,3.394346,1076
magazine_covers,rfm,2024,17.906847,3.113883,960
magazine_covers,rfm,2005,17.890231,2.329842,1309
magazine_covers,rfm,2008,17.720706,2.170603,1897
magazine_covers,rfm,2009,17.698529,2.066048,2350
magazine_covers,rfm,2010,17.866748,2.353749,3020
magazine_covers,rfm,2011,17.817870,2.294628,3973
magazine_covers,rfm,2012,17.833406,2.387290,4397
magazine_covers,rfm,2014,17.698713,2.371690,2317
magazine_covers,rfm,2018,17.838195,2.847011,1662
magazine_covers,rfm,2021,17.960871,3.260166,1087
magazine_covers,rfm,2002,17.909746,2.130212,1010
magazine_covers,rfm,2013,17.799912,2.382374,4035
magazine_covers,rfm,2006,17.976599,2.285851,1460
magazine_covers,rfm,2003,17.999215,2.142721,1023
magazine_covers,rfm,1995,18.263174,2.746102,465
magazine_covers,rfm,1996,18.647038,2.925249,721
magazine_covers,rfm,1998,18.339439,2.577380,795
magazine_covers,rfm,2000,17.777941,2.145372,885
magazine_covers,rfm,2001,17.752148,2.222277,995
magazine_covers,rfm,2004,17.982019,2.216003,1205
magazine_covers,rfm,1997,18.455303,2.556469,785
magazine_covers,rfm,1999,18.116925,2.404337,805
magazine_covers,rfm,1986,21.295310,4.225298,121
magazine_covers,rfm,1993,18.661703,3.146162,422
magazine_covers,rfm,1994,18.350603,2.757230,435
magazine_covers,rfm,1980,18.427130,1.327353,33
magazine_covers,rfm,1989,19.688081,3.363338,268
magazine_covers,rfm,1991,19.060783,3.278242,301
magazine_covers,rfm,1992,18.869472,3.052910,404
magazine_covers,rfm,1990,19.491391,3.456924,272
magazine_covers,rfm,1981,19.441740,3.286130,26
magazine_covers,rfm,1982,19.639064,3.731978,51
magazine_covers,rfm,1983,21.692660,4.715653,69
magazine_covers,rfm,1984,22.609375,4.855928,72
magazine_covers,rfm,1985,21.682817,4.338490,64
magazine_covers,rfm,1987,20.996282,4.292863,178
magazine_covers,rfm,1973,21.529094,3.738431,11
magazine_covers,rfm,1974,19.456997,1.820752,15
magazine_covers,rfm,1975,20.552551,3.734209,17
magazine_covers,rfm,1976,20.032509,2.759584,7
magazine_covers,rfm,1977,20.371579,3.026940,8
magazine_covers,rfm,1988,21.101076,4.477556,175
magazine_covers,rfm,1959,27.891892,0.000000,1
magazine_covers,rfm,1970,24.359393,2.726026,9
magazine_covers,rfm,1978,17.674020,2.302479,13
magazine_covers,rfm,1979,18.476594,1.389430,22
magazine_covers,rfm,1965,31.921053,0.000000,1
magazine_covers,rfm,1969,29.766139,4.456702,9
magazine_covers,rfm,1971,23.842411,4.528993,8
magazine_covers,rfm,1972,22.822853,3.965675,18
magazine_covers,rfm,1968,18.772594,0.439538,10
magazine_covers,rfm,1966,16.373168,1.460623,4
magazine_covers,rfm,1967,16.032357,1.027886,15
editorials,height_cm,2022,177.430257,2.856819,4746
editorials,height_cm,2023,177.552326,2.748490,4730
editorials,height_cm,2024,177.658757,2.512763,4214
editorials,height_cm,2016,177.634188,2.393111,10027
editorials,height_cm,2017,177.636598,2.431240,8547
editorials,height_cm,2018,177.532328,2.436585,8290
editorials,height_cm,2019,177.637952,2.524278,8213
editorials,height_cm,2020,177.417903,2.803953,6675
editorials,height_cm,2021,177.400265,2.850596,5660
editorials,height_cm,2014,177.728761,2.306163,9711
editorials,height_cm,2015,177.822571,2.350092,10407
editorials,height_cm,2008,177.917376,2.141901,1410
editorials,height_cm,2009,177.693792,2.326296,2384
editorials,height_cm,2010,177.633956,2.361917,3531
editorials,height_cm,2011,177.730308,2.310302,5332
editorials,height_cm,2012,177.739278,2.317191,6622
editorials,height_cm,2013,177.771596,2.237830,8439
editorials,height_cm,2001,177.281385,2.555225,231
editorials,height_cm,2006,177.348118,2.187731,372
editorials,height_cm,2003,177.961722,2.197059,418
editorials,height_cm,2004,178.401741,2.159113,402
editorials,height_cm,1997,177.094787,2.244681,211
editorials,height_cm,1998,177.570671,2.221818,283
editorials,height_cm,2000,177.395425,2.745603,153
editorials,height_cm,2007,177.579125,2.399157,594
editorials,height_cm,1999,177.385514,2.595541,214
editorials,height_cm,2002,177.114407,2.356725,354
editorials,height_cm,2005,177.949095,2.304046,442
editorials,height_cm,1989,177.761194,1.719668,67
editorials,height_cm,1990,177.857143,1.865317,112
editorials,height_cm,1991,177.432515,1.675454,163
editorials,height_cm,1992,177.251121,1.755862,223
editorials,height_cm,1993,177.005155,2.079377,194
editorials,height_cm,1994,176.977848,2.539086,158
editorials,height_cm,1995,177.168790,2.148012,157
editorials,height_cm,1996,176.751534,2.400729,163
editorials,height_cm,1981,176.076923,1.552500,13
editorials,height_cm,1982,176.478723,2.002600,47
editorials,height_cm,1983,176.106383,1.696980,47
editorials,height_cm,1984,176.141304,1.214098,46
editorials,height_cm,1987,177.757143,2.453544,70
editorials,height_cm,1985,176.645161,1.858286,31
editorials,height_cm,1986,177.671053,1.919293,76
editorials,height_cm,1988,178.619318,2.504013,88
editorials,height_cm,1966,167.500000,0.000000,3
editorials,height_cm,1967,167.750000,0.612372,6
editorials,height_cm,1968,167.500000,0.000000,1
editorials,height_cm,1972,174.500000,5.422177,6
editorials,height_cm,1974,177.750000,0.500000,4
editorials,height_cm,1979,177.000000,0.000000,1
editorials,height_cm,1970,178.000000,0.000000,1
editorials,height_cm,1973,176.333333,4.082483,6
editorials,height_cm,1976,178.000000,0.000000,1
editorials,bust-eu_clean,2022,81.189233,4.790290,4746
editorials,bust-eu_clean,2023,81.321374,4.615145,4730
editorials,bust-eu_clean,2024,81.187636,4.645282,4214
editorials,bust-eu_clean,2016,81.902224,3.647999,10027
editorials,bust-eu_clean,2017,81.763285,4.023106,8547
editorials,bust-eu_clean,2018,81.544837,4.244880,8290
editorials,bust-eu_clean,2019,81.321539,4.320514,8213
editorials,bust-eu_clean,2020,81.539371,4.575329,6675
editorials,bust-eu_clean,2021,81.249770,4.551507,5660
editorials,bust-eu_clean,2014,82.248986,3.225645,9711
editorials,bust-eu_clean,2015,82.037840,3.276304,10407
editorials,bust-eu_clean,2008,83.752553,2.795801,1410
editorials,bust-eu_clean,2009,83.736116,3.097825,2384
editorials,bust-eu_clean,2010,83.309431,3.075405,3531
editorials,bust-eu_clean,2011,82.843848,2.904939,5332
editorials,bust-eu_clean,2012,82.794413,3.082314,6622
editorials,bust-eu_clean,2013,82.358159,3.076454,8439
editorials,bust-eu_clean,2001,84.690476,2.242978,231
editorials,bust-eu_clean,2006,83.805108,2.661050,372
editorials,bust-eu_clean,2003,84.642823,1.843911,418
editorials,bust-eu_clean,2004,84.474627,2.246339,402
editorials,bust-eu_clean,1997,86.047393,1.637399,211
editorials,bust-eu_clean,1998,85.376325,2.153812,283
editorials,bust-eu_clean,2000,86.060784,2.027775,153
editorials,bust-eu_clean,2007,83.639394,2.837587,594
editorials,bust-eu_clean,1999,85.505140,2.045245,214
editorials,bust-eu_clean,2002,84.714407,2.096021,354
editorials,bust-eu_clean,2005,84.483937,3.051150,442
editorials,bust-eu_clean,1989,88.104478,2.017982,67
editorials,bust-eu_clean,1990,87.143750,1.988516,112
editorials,bust-eu_clean,1991,87.355828,1.914632,163
editorials,bust-eu_clean,1992,87.291480,1.691997,223
editorials,bust-eu_clean,1993,86.855670,1.489964,194
editorials,bust-eu_clean,1994,87.237342,1.868017,158
editorials,bust-eu_clean,1995,86.735669,1.806825,157
editorials,bust-eu_clean,1996,86.159509,2.079964,163
editorials,bust-eu_clean,1981,88.269231,2.016757,13
editorials,bust-eu_clean,1982,88.308511,1.795384,47
editorials,bust-eu_clean,1983,87.446809,1.729646,47
editorials,bust-eu_clean,1984,86.750000,1.373358,46
editorials,bust-eu_clean,1987,86.771429,1.184702,70
editorials,bust-eu_clean,1985,86.467742,1.139704,31
editorials,bust-eu_clean,1986,87.026316,1.411606,76
editorials,bust-eu_clean,1988,87.818182,2.059715,88
editorials,bust-eu_clean,1966,86.500000,0.000000,3
editorials,bust-eu_clean,1967,85.583333,2.245366,6
editorials,bust-eu_clean,1968,86.500000,0.000000,1
editorials,bust-eu_clean,1972,86.500000,0.000000,6
editorials,bust-eu_clean,1974,86.500000,0.000000,4
editorials,bust-eu_clean,1979,86.500000,0.000000,1
editorials,bust-eu_clean,1970,86.500000,0.000000,1
editorials,bust-eu_clean,1973,86.083333,1.020621,6
editorials,bust-eu_clean,1976,86.500000,0.000000,1
editorials,waist-eu_clean,2022,61.060324,4.044848,4746
editorials,waist-eu_clean,2023,61.217167,3.996545,4730
editorials,waist-eu_clean,2024,61.066421,3.924598,4214
editorials,waist-eu_clean,2016,60.712815,2.791247,10027
editorials,waist-eu_clean,2017,60.761565,3.004498,8547
editorials,waist-eu_clean,2018,60.689192,3.100421,8290
editorials,waist-eu_clean,2019,60.745172,3.315327,8213
editorials,waist-eu_clean,2020,61.063341,3.866344,6675
editorials,waist-eu_clean,2021,60.915318,3.828615,5660
editorials,waist-eu_clean,2014,60.809206,2.583050,9711
editorials,waist-eu_clean,2015,60.777640,2.618980,10407
editorials,waist-eu_clean,2008,60.970922,2.474828,1410
editorials,waist-eu_clean,2009,61.125755,2.796770,2384
editorials,waist-eu_clean,2010,60.991447,2.751851,3531
editorials,waist-eu_clean,2011,60.951725,2.407226,5332
editorials,waist-eu_clean,2012,60.988040,2.531696,6622
editorials,waist-eu_clean,2013,60.897986,2.419432,8439
editorials,waist-eu_clean,2001,60.158009,2.325177,231
editorials,waist-eu_clean,2006,60.550538,2.457833,372
editorials,waist-eu_clean,2003,60.456938,2.186302,418
editorials,waist-eu_clean,2004,60.870398,2.182598,402
editorials,waist-eu_clean,1997,61.445498,2.204566,211
editorials,waist-eu_clean,1998,61.227915,2.580306,283
editorials,waist-eu_clean,2000,60.852941,2.777898,153
editorials,waist-eu_clean,2007,60.860269,2.566289,594
editorials,waist-eu_clean,1999,61.144860,2.503527,214
editorials,waist-eu_clean,2002,60.288983,2.461101,354
editorials,waist-eu_clean,2005,60.969457,3.213435,442
editorials,waist-eu_clean,1989,61.761194,3.318176,67
editorials,waist-eu_clean,1990,59.982143,2.493170,112
editorials,waist-eu_clean,1991,61.860736,3.876431,163
editorials,waist-eu_clean,1992,62.157399,3.974414,223
editorials,waist-eu_clean,1993,61.331443,3.665960,194
editorials,waist-eu_clean,1994,61.917722,3.716404,158
editorials,waist-eu_clean,1995,61.933121,3.253743,157
editorials,waist-eu_clean,1996,61.730061,2.620106,163
editorials,waist-eu_clean,1981,64.346154,6.388090,13
editorials,waist-eu_clean,1982,64.319149,6.030201,47
editorials,waist-eu_clean,1983,66.031915,6.336921,47
editorials,waist-eu_clean,1984,63.445652,6.185313,46
editorials,waist-eu_clean,1987,61.050000,4.411899,70
editorials,waist-eu_clean,1985,61.774194,4.699005,31
editorials,waist-eu_clean,1986,60.565789,4.261723,76
editorials,waist-eu_clean,1988,63.471591,5.390689,88
editorials,waist-eu_clean,1966,76.000000,0.000000,3
editorials,waist-eu_clean,1967,72.666667,8.164966,6
editorials,waist-eu_clean,1968,76.000000,0.000000,1
editorials,waist-eu_clean,1972,69.333333,5.163978,6
editorials,waist-eu_clean,1974,66.000000,0.000000,4
editorials,waist-eu_clean,1979,66.000000,0.000000,1
editorials,waist-eu_clean,1970,66.000000,0.000000,1
editorials,waist-eu_clean,1973,64.750000,3.061862,6
editorials,waist-eu_clean,1976,66.000000,0.000000,1
editorials,hips-eu_clean,2022,88.430634,3.972069,4746
editorials,hips-eu_clean,2023,88.585793,4.045323,4730
editorials,hips-eu_clean,2024,88.635287,4.034468,4214
editorials,hips-eu_clean,2016,88.158142,2.744901,10027
editorials,hips-eu_clean,2017,88.207722,2.916600,8547
editorials,hips-eu_clean,2018,88.226066,3.139530,8290
editorials,hips-eu_clean,2019,88.247835,3.185853,8213
editorials,hips-eu_clean,2020,88.452520,3.739422,6675
editorials,hips-eu_clean,2021,88.469889,3.887774,5660
editorials,hips-eu_clean,2014,88.211111,2.582086,9711
editorials,hips-eu_clean,2015,88.198894,2.582717,10407
editorials,hips-eu_clean,2008,88.152199,2.004445,1410
editorials,hips-eu_clean,2009,88.215772,2.560274,2384
editorials,hips-eu_clean,2010,88.307448,2.796141,3531
editorials,hips-eu_clean,2011,88.179651,2.500243,5332
editorials,hips-eu_clean,2012,88.133159,2.449587,6622
editorials,hips-eu_clean,2013,88.124671,2.319595,8439
editorials,hips-eu_clean,2001,87.904762,1.826025,231
editorials,hips-eu_clean,2006,88.083333,2.053146,372
editorials,hips-eu_clean,2003,87.572249,1.674107,418
editorials,hips-eu_clean,2004,87.812935,2.214244,402
editorials,hips-eu_clean,1997,88.616114,1.968085,211
editorials,hips-eu_clean,1998,88.593640,1.975262,283
editorials,hips-eu_clean,2000,88.760131,2.352863,153
editorials,hips-eu_clean,2007,88.185690,2.314588,594
editorials,hips-eu_clean,1999,88.533178,2.266985,214
editorials,hips-eu_clean,2002,87.972881,1.776698,354
editorials,hips-eu_clean,2005,88.456787,3.307240,442
editorials,hips-eu_clean,1989,90.865672,2.413005,67
editorials,hips-eu_clean,1990,90.379464,1.487554,112
editorials,hips-eu_clean,1991,90.754601,2.511927,163
editorials,hips-eu_clean,1992,90.865471,2.224418,223
editorials,hips-eu_clean,1993,90.051546,2.484652,194
editorials,hips-eu_clean,1994,90.088608,1.906675,158
editorials,hips-eu_clean,1995,89.621019,2.408187,157
editorials,hips-eu_clean,1996,89.291411,2.080046,163
editorials,hips-eu_clean,1981,91.153846,2.075498,13
editorials,hips-eu_clean,1982,90.606383,2.379569,47
editorials,hips-eu_clean,1983,90.808511,3.363088,47
editorials,hips-eu_clean,1984,90.032609,2.528509,46
editorials,hips-eu_clean,1987,90.621429,2.071959,70
editorials,hips-eu_clean,1985,89.709677,2.297731,31
editorials,hips-eu_clean,1986,90.526316,2.032887,76
editorials,hips-eu_clean,1988,92.062500,2.788330,88
editorials,hips-eu_clean,1966,89.000000,0.000000,3
editorials,hips-eu_clean,1967,87.666667,3.265986,6
editorials,hips-eu_clean,1968,89.000000,0.000000,1
editorials,hips-eu_clean,1972,90.666667,1.290994,6
editorials,hips-eu_clean,1974,92.125000,1.250000,4
editorials,hips-eu_clean,1979,94.000000,0.000000,1
editorials,hips-eu_clean,1970,91.500000,0.000000,1
editorials,hips-eu_clean,1973,90.666667,2.041241,6
editorials,hips-eu_clean,1976,91.500000,0.000000,1
editorials,rfm,2022,17.672350,3.337081,4746
editorials,rfm,2023,17.787127,3.282312,4730
editorials,rfm,2024,17.611371,3.283029,4214
editorials,rfm,2016,17.379783,2.405952,10027
editorials,rfm,2017,17.410174,2.559919,8547
editorials,rfm,2018,17.364675,2.676436,8290
editorials,rfm,2019,17.367685,2.812207,8213
editorials,rfm,2020,17.698886,3.173191,6675
editorials,rfm,2021,17.563905,3.195480,5660
editorials,rfm,2014,17.455867,2.248009,9711
editorials,rfm,2015,17.392258,2.277952,10407
editorials,rfm,2008,17.553107,2.227547,1410
editorials,rfm,2009,17.757412,2.371169,2384
editorials,rfm,2010,17.652863,2.322981,3531
editorials,rfm,2011,17.603631,2.121966,5332
editorials,rfm,2012,17.627085,2.218905,6622
editorials,rfm,2013,17.537348,2.130643,8439
editorials,rfm,2001,16.974094,2.432389,231
editorials,rfm,2006,17.328447,2.424820,372
editorials,rfm,2003,17.048674,2.308620,418
editorials,rfm,2004,17.311865,2.126601,402
editorials,rfm,1997,18.284502,2.164993,211
editorials,rfm,1998,17.898024,2.464503,283
editorials,rfm,2000,17.587373,2.604358,153
editorials,rfm,2007,17.552447,2.314540,594
editorials,rfm,1999,17.886214,2.428435,214
editorials,rfm,2002,17.145529,2.561000,354
editorials,rfm,2005,17.491343,2.727111,442
editorials,rfm,1989,18.279422,3.008266,67
editorials,rfm,1990,16.603355,2.344631,112
editorials,rfm,1991,18.417960,3.521439,163
editorials,rfm,1992,18.737923,3.652712,223
editorials,rfm,1993,18.086419,3.331313,194
editorials,rfm,1994,18.634877,3.430184,158
editorials,rfm,1995,18.634142,3.016949,157
editorials,rfm,1996,18.634094,2.494780,163
editorials,rfm,1981,20.818261,4.984577,13
editorials,rfm,1982,20.696862,4.695801,47
editorials,rfm,1983,22.213623,4.779835,47
editorials,rfm,1984,20.011056,4.883030,46
editorials,rfm,1987,17.516297,3.615615,70
editorials,rfm,1985,18.527318,3.878738,31
editorials,rfm,1986,17.072535,3.763938,76
editorials,rfm,1988,19.354816,4.390248,88
editorials,rfm,1966,31.921053,0.000000,3
editorials,rfm,1967,29.208020,6.645545,6
editorials,rfm,1968,31.921053,0.000000,1
editorials,rfm,1972,25.347422,5.091913,6
editorials,rfm,1974,22.136364,0.151515,4
editorials,rfm,1979,22.363636,0.000000,1
editorials,rfm,1970,22.060606,0.000000,1
editorials,rfm,1973,21.477855,1.427442,6
editorials,rfm,1976,22.060606,0.000000,1
